PrecOrSplit	SourceName	vip_id	datetime	ElectionDate	StateID	StateName	LocalityID	LocalityName	LocalityType	PrecinctID	PrecName	BSurl	PLlocation_name	PLline1	PLline2	PLcity	PLstate	PLzip	PLdirections	SplitID	SplitName
Precinct: 01-01	State of Hawaii, Office of Elections	15	2010-10-25T11:52:16	2010-11-02	15	Hawaii	16	County of Hawaii	county	9407	01-01	http://elections3.hawaii.gov/ppl/docs/ppl/BALLOTS/English/001EN.pdf	01-01  Kohala High and Elem Sch	54-3611 Akoni Pule Hwy		Kapaau	HI	96755			
Precinct: 01-02	State of Hawaii, Office of Elections	15	2010-10-25T11:52:16	2010-11-02	15	Hawaii	16	County of Hawaii	county	9416	01-02	http://elections3.hawaii.gov/ppl/docs/ppl/BALLOTS/English/002EN.pdf	01-02  Hilo Union Elem Sch	506 Waianuenue Ave		Hilo	HI	96720			
Precinct: 01-03	State of Hawaii, Office of Elections	15	2010-10-25T11:52:16	2010-11-02	15	Hawaii	16	County of Hawaii	county	9409	01-03	http://elections3.hawaii.gov/ppl/docs/ppl/BALLOTS/English/003EN.pdf	01-03  Kulaimano Community Ctr	28-2892 Alia St		Hilo	HI	96720			
Precinct: 01-04	State of Hawaii, Office of Elections	15	2010-10-25T11:52:16	2010-11-02	15	Hawaii	16	County of Hawaii	county	9410	01-04	http://elections3.hawaii.gov/ppl/docs/ppl/BALLOTS/English/003EN.pdf	01-04  Honokaa High Sch	45-527 Pakalana St		Honolkaa	HI	96727			
Precinct: 01-05	State of Hawaii, Office of Elections	15	2010-10-25T11:52:16	2010-11-02	15	Hawaii	16	County of Hawaii	county	9411	01-05	http://elections3.hawaii.gov/ppl/docs/ppl/BALLOTS/English/003EN.pdf	01-05  Paauilo Elem Sch	43-1497 Old Main Rd		Paauilo	HI	96776			
Precinct: 01-06	State of Hawaii, Office of Elections	15	2010-10-25T11:52:16	2010-11-02	15	Hawaii	16	County of Hawaii	county	9412	01-06	http://elections3.hawaii.gov/ppl/docs/ppl/BALLOTS/English/003EN.pdf	01-06  Kalanianaole Elem/Inter Sch	27-330 Mamalahoa Hwy		Papaikou	HI	96781			
Precinct: 01-07	State of Hawaii, Office of Elections	15	2010-10-25T11:52:16	2010-11-02	15	Hawaii	16	County of Hawaii	county	9413	01-07	http://elections3.hawaii.gov/ppl/docs/ppl/BALLOTS/English/003EN.pdf	01-07  Papaaloa Gym	35-1994 Government Main Road		Papaaloa	HI	96780			
Precinct: 01-08	State of Hawaii, Office of Elections	15	2010-10-25T11:52:16	2010-11-02	15	Hawaii	16	County of Hawaii	county	9414	01-08	http://elections3.hawaii.gov/ppl/docs/ppl/BALLOTS/English/003EN.pdf	01-08  Honohina Hongwanji	32-896 Mamalahoa Hwy		Hilo	HI	96720			
Precinct: 01-09	State of Hawaii, Office of Elections	15	2010-10-25T11:52:16	2010-11-02	15	Hawaii	16	County of Hawaii	county	9415	01-09	http://elections3.hawaii.gov/ppl/docs/ppl/BALLOTS/English/003EN.pdf	01-09  Puueo Multi-Culture Ctr	145 Wainaku St		Hilo	HI	96720			
Precinct: 02-01	State of Hawaii, Office of Elections	15	2010-10-25T11:52:16	2010-11-02	15	Hawaii	16	County of Hawaii	county	9417	02-01	http://elections3.hawaii.gov/ppl/docs/ppl/BALLOTS/English/004EN.pdf	02-01  Ernest B DeSilva Elem Sch	278 Ainako Ave		Hilo	HI	96720			
Precinct: 02-02	State of Hawaii, Office of Elections	15	2010-10-25T11:52:16	2010-11-02	15	Hawaii	16	County of Hawaii	county	9418	02-02	http://elections3.hawaii.gov/ppl/docs/ppl/BALLOTS/English/004EN.pdf	02-02  Kaumana Elem Sch	1710 Kaumana Dr		Hilo	HI	96720			
Precinct: 02-03	State of Hawaii, Office of Elections	15	2010-10-25T11:52:16	2010-11-02	15	Hawaii	16	County of Hawaii	county	9419	02-03	http://elections3.hawaii.gov/ppl/docs/ppl/BALLOTS/English/004EN.pdf	02-03  Hilo Hi Sch	556 Waianuenue Ave		Hilo	HI	96720			
Precinct: 02-04	State of Hawaii, Office of Elections	15	2010-10-25T11:52:16	2010-11-02	15	Hawaii	16	County of Hawaii	county	9420	02-04	http://elections3.hawaii.gov/ppl/docs/ppl/BALLOTS/English/005EN.pdf	02-04  Keaukaha Elem Sch	240 Desha Ave		Hilo	HI	96720			
Precinct: 02-05	State of Hawaii, Office of Elections	15	2010-10-25T11:52:16	2010-11-02	15	Hawaii	16	County of Hawaii	county	9421	02-05	http://elections3.hawaii.gov/ppl/docs/ppl/BALLOTS/English/005EN.pdf	02-05  Edith Kanakaole Tennis Stad	350 Kalanikoa St		Hilo	HI	96720			
Precinct: 03-01	State of Hawaii, Office of Elections	15	2010-10-25T11:52:16	2010-11-02	15	Hawaii	16	County of Hawaii	county	9422	03-01	http://elections3.hawaii.gov/ppl/docs/ppl/BALLOTS/English/006EN.pdf	03-01  AJA Memorial Hall	361 Haihai St		Hilo	HI	96720			
Precinct: 03-02	State of Hawaii, Office of Elections	15	2010-10-25T11:52:16	2010-11-02	15	Hawaii	16	County of Hawaii	county	9423	03-02	http://elections3.hawaii.gov/ppl/docs/ppl/BALLOTS/English/007EN.pdf	03-02  Hale Aloha Nazarene Sch	595 Kupulau Rd		Hilo	HI	96720			
Precinct: 03-03	State of Hawaii, Office of Elections	15	2010-10-25T11:52:16	2010-11-02	15	Hawaii	16	County of Hawaii	county	9424	03-03	http://elections3.hawaii.gov/ppl/docs/ppl/BALLOTS/English/008EN.pdf	03-03  Hilo Daijingu Activity Center	10 Anela St		Hilo	HI	96720			
Precinct: 03-04	State of Hawaii, Office of Elections	15	2010-10-25T11:52:16	2010-11-02	15	Hawaii	16	County of Hawaii	county	9425	03-04	http://elections3.hawaii.gov/ppl/docs/ppl/BALLOTS/English/006EN.pdf	03-04  Waiakea High Sch	155 W Kawili St		Hilo	HI	96720			
Precinct: 03-05	State of Hawaii, Office of Elections	15	2010-10-25T11:52:16	2010-11-02	15	Hawaii	16	County of Hawaii	county	9426	03-05	http://elections3.hawaii.gov/ppl/docs/ppl/BALLOTS/English/006EN.pdf	03-05  Keaau Middle Sch	16-565 Keaau-Pahoa Rd		Keaau 	HI	96749			
Precinct: 03-06	State of Hawaii, Office of Elections	15	2010-10-25T11:52:16	2010-11-02	15	Hawaii	16	County of Hawaii	county	9427	03-06	http://elections3.hawaii.gov/ppl/docs/ppl/BALLOTS/English/009EN.pdf	03-06  Waiakea Elem Sch	180 W Puainako St		Hilo	HI	96720			
Precinct: 03-07	State of Hawaii, Office of Elections	15	2010-10-25T11:52:16	2010-11-02	15	Hawaii	16	County of Hawaii	county	9428	03-07	http://elections3.hawaii.gov/ppl/docs/ppl/BALLOTS/English/010EN.pdf	03-07  Waiakeawaena Elem Sch	2420 Kilauea Ave		Hilo	HI	96720			
Precinct: 04-01	State of Hawaii, Office of Elections	15	2010-10-25T11:52:16	2010-11-02	15	Hawaii	16	County of Hawaii	county	9429	04-01	http://elections3.hawaii.gov/ppl/docs/ppl/BALLOTS/English/011EN.pdf	04-01  Kurtistown Assembly of God Church	17-550 Volcano Rd		Kurtistown	HI	96760			
Precinct: 04-02	State of Hawaii, Office of Elections	15	2010-10-25T11:52:16	2010-11-02	15	Hawaii	16	County of Hawaii	county	9430	04-02	http://elections3.hawaii.gov/ppl/docs/ppl/BALLOTS/English/012EN.pdf	04-02  Keaau High Sch	16-725 Keaau-Pahoa Rd		Keaau 	HI	96749			
Precinct: 04-03	State of Hawaii, Office of Elections	15	2010-10-25T11:52:16	2010-11-02	15	Hawaii	16	County of Hawaii	county	9431	04-03	http://elections3.hawaii.gov/ppl/docs/ppl/BALLOTS/English/013EN.pdf	04-03  Hawaiian Paradise Comm Ctr	Makuu Dr		Keaau 	HI	96749			
Precinct: 04-04	State of Hawaii, Office of Elections	15	2010-10-25T11:52:16	2010-11-02	15	Hawaii	16	County of Hawaii	county	9432	04-04	http://elections3.hawaii.gov/ppl/docs/ppl/BALLOTS/English/013EN.pdf	04-04  Keonepoko Elem Sch	15-890 Kahakai Blvd		Pahoa	HI	96778			
Precinct: 04-05	State of Hawaii, Office of Elections	15	2010-10-25T11:52:16	2010-11-02	15	Hawaii	16	County of Hawaii	county	9433	04-05	http://elections3.hawaii.gov/ppl/docs/ppl/BALLOTS/English/013EN.pdf	04-05  Pahoa Community Ctr	15-2910 Kauhale St		Hilo	HI	96720			
Precinct: 04-06	State of Hawaii, Office of Elections	15	2010-10-25T11:52:16	2010-11-02	15	Hawaii	16	County of Hawaii	county	9434	04-06	http://elections3.hawaii.gov/ppl/docs/ppl/BALLOTS/English/013EN.pdf	04-06  Church on a Sure Foundation	16-1592 Pohaku Cir		Keaau 	HI	96749			
Precinct: 05-01	State of Hawaii, Office of Elections	15	2010-10-25T11:52:16	2010-11-02	15	Hawaii	16	County of Hawaii	county	9435	05-01	http://elections3.hawaii.gov/ppl/docs/ppl/BALLOTS/English/014EN.pdf	05-01  Mountain View Elem Sch	18-1235 Volcano Rd		Mountain View 	HI	96771			
Precinct: 05-02	State of Hawaii, Office of Elections	15	2010-10-25T11:52:16	2010-11-02	15	Hawaii	16	County of Hawaii	county	9436	05-02	http://elections3.hawaii.gov/ppl/docs/ppl/BALLOTS/English/015EN.pdf	05-02  Mountain View Senior Center	18-1345 Volcano Rd		Hilo	HI	96720			
Precinct: 05-03	State of Hawaii, Office of Elections	15	2010-10-25T11:52:16	2010-11-02	15	Hawaii	16	County of Hawaii	county	9437	05-03	http://elections3.hawaii.gov/ppl/docs/ppl/BALLOTS/English/015EN.pdf	05-03  Cooper Ctr	19-4030 Wright Rd		Hilo	HI	96720			
Precinct: 05-04	State of Hawaii, Office of Elections	15	2010-10-25T11:52:16	2010-11-02	15	Hawaii	16	County of Hawaii	county	9438	05-04	http://elections3.hawaii.gov/ppl/docs/ppl/BALLOTS/English/015EN.pdf	05-04  Kau High Sch	96-3150 Pikake St		Pahala	HI	96777			
Precinct: 05-05	State of Hawaii, Office of Elections	15	2010-10-25T11:52:16	2010-11-02	15	Hawaii	16	County of Hawaii	county	9439	05-05	http://elections3.hawaii.gov/ppl/docs/ppl/BALLOTS/English/015EN.pdf	05-05  Naalehu Elem Sch	95-5545 Mamalahoa Hwy		Naalehu	HI	96772			
Precinct: 05-06	State of Hawaii, Office of Elections	15	2010-10-25T11:52:16	2010-11-02	15	Hawaii	16	County of Hawaii	county	9440	05-06	http://elections3.hawaii.gov/ppl/docs/ppl/BALLOTS/English/015EN.pdf	05-06  Ocean View Community Ctr	92-8924 Leilani Cir		Ocean View	HI	96737			
Precinct: 05-07	State of Hawaii, Office of Elections	15	2010-10-25T11:52:16	2010-11-02	15	Hawaii	16	County of Hawaii	county	9441	05-07	http://elections3.hawaii.gov/ppl/docs/ppl/BALLOTS/English/016EN.pdf	05-07  Milolii Halau	Milolii		Honaunau	HI	96726			
Precinct: 05-08	State of Hawaii, Office of Elections	15	2010-10-25T11:52:16	2010-11-02	15	Hawaii	16	County of Hawaii	county	9442	05-08	http://elections3.hawaii.gov/ppl/docs/ppl/BALLOTS/English/016EN.pdf	05-08  Hookena Elem Sch	86-4355 Mamalahoa Hwy		Captain Cook	HI	96704			
Precinct: 05-09	State of Hawaii, Office of Elections	15	2010-10-25T11:52:16	2010-11-02	15	Hawaii	16	County of Hawaii	county	9443	05-09	http://elections3.hawaii.gov/ppl/docs/ppl/BALLOTS/English/016EN.pdf	05-09  St Benedict Catholic Church	84-5140 Painted Church Rd		Honaunau	HI	96726			
Precinct: 05-10	State of Hawaii, Office of Elections	15	2010-10-25T11:52:16	2010-11-02	15	Hawaii	16	County of Hawaii	county	9444	05-10	http://elections3.hawaii.gov/ppl/docs/ppl/BALLOTS/English/017EN.pdf	05-10  Konawaena Elem Sch	81-6469 Mamalahoa Hwy		Kealakekua	HI	96750			
Precinct: 05-11	State of Hawaii, Office of Elections	15	2010-10-25T11:52:16	2010-11-02	15	Hawaii	16	County of Hawaii	county	9445	05-11	http://elections3.hawaii.gov/ppl/docs/ppl/BALLOTS/English/017EN.pdf	05-11  Konawaena High Sch	81-1043 Konawaena Sch Rd		Kealakekua	HI	96750			
Precinct: 06-01	State of Hawaii, Office of Elections	15	2010-10-25T11:52:16	2010-11-02	15	Hawaii	16	County of Hawaii	county	9446	06-01	http://elections3.hawaii.gov/ppl/docs/ppl/BALLOTS/English/018EN.pdf	06-01  Kealakehe Inter Sch	74-5062 Onipaa St		Kailua-Kona	HI	96740			
Precinct: 06-02	State of Hawaii, Office of Elections	15	2010-10-25T11:52:16	2010-11-02	15	Hawaii	16	County of Hawaii	county	9447	06-02	http://elections3.hawaii.gov/ppl/docs/ppl/BALLOTS/English/019EN.pdf	06-02  Kahakai Elem Sch	76-147 Royal Poinciana Dr		Kailua-Kona	HI	96740			
Precinct: 06-03	State of Hawaii, Office of Elections	15	2010-10-25T11:52:16	2010-11-02	15	Hawaii	16	County of Hawaii	county	9448	06-03	http://elections3.hawaii.gov/ppl/docs/ppl/BALLOTS/English/019EN.pdf	06-03  Kona Vistas Rec Ctr	76-6350 Pualani St		Kailua-Kona	HI	96740			
Precinct: 06-04	State of Hawaii, Office of Elections	15	2010-10-25T11:52:16	2010-11-02	15	Hawaii	16	County of Hawaii	county	9449	06-04	http://elections3.hawaii.gov/ppl/docs/ppl/BALLOTS/English/019EN.pdf	06-04  Kona Imin Ctr	76-5877 Mamalahoa Hwy		Hilo	HI	96720			
Precinct: 06-05	State of Hawaii, Office of Elections	15	2010-10-25T11:52:16	2010-11-02	15	Hawaii	16	County of Hawaii	county	9450	06-05	http://elections3.hawaii.gov/ppl/docs/ppl/BALLOTS/English/018EN.pdf	06-05  Kekuaokalani Gym	75-5500 Kuakini Hwy		Kailua-Kona	HI	96740			
Precinct: 07-01	State of Hawaii, Office of Elections	15	2010-10-25T11:52:16	2010-11-02	15	Hawaii	16	County of Hawaii	county	9451	07-01	http://elections3.hawaii.gov/ppl/docs/ppl/BALLOTS/English/020EN.pdf	07-01  Kealakehe High Sch	74-5000 Puohulihuli St		Kailua-Kona	HI	96740			
Precinct: 07-02	State of Hawaii, Office of Elections	15	2010-10-25T11:52:16	2010-11-02	15	Hawaii	16	County of Hawaii	county	9452	07-02	http://elections3.hawaii.gov/ppl/docs/ppl/BALLOTS/English/020EN.pdf	07-02  Kona Palisades Community Ctr	73-1073 Ka Imi Nani Dr.		Kailua-Kona	HI	96740			
Precinct: 07-03	State of Hawaii, Office of Elections	15	2010-10-25T11:52:16	2010-11-02	15	Hawaii	16	County of Hawaii	county	9453	07-03	http://elections3.hawaii.gov/ppl/docs/ppl/BALLOTS/English/021EN.pdf	07-03  Waikoloa Elem Sch	68-1730 Hooko St		Waikoloa	HI	96738			
Precinct: 07-04	State of Hawaii, Office of Elections	15	2010-10-25T11:52:16	2010-11-02	15	Hawaii	16	County of Hawaii	county	9454	07-04	http://elections3.hawaii.gov/ppl/docs/ppl/BALLOTS/English/021EN.pdf	07-04  Waimea Civic Ctr	67-5189 Kamamalu St		Kamuela	HI	96720			
Precinct: 07-05	State of Hawaii, Office of Elections	15	2010-10-25T11:52:16	2010-11-02	15	Hawaii	16	County of Hawaii	county	9455	07-05	http://elections3.hawaii.gov/ppl/docs/ppl/BALLOTS/English/022EN.pdf	07-05  Waimea New Hope Church	65-1078 Mamalahoa Hwy		Kamuela	HI	96734			
Precinct: 08-01	State of Hawaii, Office of Elections	15	2010-10-25T11:52:16	2010-11-02	15	Hawaii	5	County of Maui	county	9456	08-01	http://elections3.hawaii.gov/ppl/docs/ppl/BALLOTS/English/023EN.pdf	08-01  Waihee Elem Sch	2125 Kahekili Hwy		Wailuku	HI	96793			
Precinct: 08-02	State of Hawaii, Office of Elections	15	2010-10-25T11:52:16	2010-11-02	15	Hawaii	5	County of Maui	county	9457	08-02	http://elections3.hawaii.gov/ppl/docs/ppl/BALLOTS/English/023EN.pdf	08-02  Velma McWayne Santos Comm Ctr	395 Waena St		Wailuku	HI	96793			
Precinct: 08-03	State of Hawaii, Office of Elections	15	2010-10-25T11:52:16	2010-11-02	15	Hawaii	5	County of Maui	county	9458	08-03	http://elections3.hawaii.gov/ppl/docs/ppl/BALLOTS/English/023EN.pdf	08-03  Baldwin High Sch	1650 Kaahumanu Ave		Wailuku	HI	96793			
Precinct: 08-04	State of Hawaii, Office of Elections	15	2010-10-25T11:52:16	2010-11-02	15	Hawaii	5	County of Maui	county	9459	08-04	http://elections3.hawaii.gov/ppl/docs/ppl/BALLOTS/English/023EN.pdf	08-04  Paukukalo Hwn Homes Comm Ctr	657 Kaumualii St.		Honolulu	HI	96805			
Precinct: 08-05	State of Hawaii, Office of Elections	15	2010-10-25T11:52:16	2010-11-02	15	Hawaii	5	County of Maui	county	9460	08-05	http://elections3.hawaii.gov/ppl/docs/ppl/BALLOTS/English/023EN.pdf	08-05  Wailuku Elem Sch	355 S High St		        	HI	        			
Precinct: 08-06	State of Hawaii, Office of Elections	15	2010-10-25T11:52:16	2010-11-02	15	Hawaii	5	County of Maui	county	9461	08-06	http://elections3.hawaii.gov/ppl/docs/ppl/BALLOTS/English/023EN.pdf	08-06  Waikapu Community Ctr	22 E Waiko Rd		Wailuku	HI	96793			
Precinct: 08-07	State of Hawaii, Office of Elections	15	2010-10-25T11:52:16	2010-11-02	15	Hawaii	5	County of Maui	county	9462	08-07	http://elections3.hawaii.gov/ppl/docs/ppl/BALLOTS/English/023EN.pdf	08-07  Maui Economic Opportunity Ctr	99 Mahalani St		Wailuku	HI	96793			
Precinct: 09-01	State of Hawaii, Office of Elections	15	2010-10-25T11:52:16	2010-11-02	15	Hawaii	5	County of Maui	county	9463	09-01	http://elections3.hawaii.gov/ppl/docs/ppl/BALLOTS/English/024EN.pdf	09-01  Iao Sch	260 S Market St		Wailuku	HI	96793			
Precinct: 09-02	State of Hawaii, Office of Elections	15	2010-10-25T11:52:16	2010-11-02	15	Hawaii	5	County of Maui	county	9464	09-02	http://elections3.hawaii.gov/ppl/docs/ppl/BALLOTS/English/024EN.pdf	09-02  Maui Waena Inter Sch	795 Onehee Ave		Kahului	HI	96732			
Precinct: 09-03	State of Hawaii, Office of Elections	15	2010-10-25T11:52:16	2010-11-02	15	Hawaii	5	County of Maui	county	9465	09-03	http://elections3.hawaii.gov/ppl/docs/ppl/BALLOTS/English/024EN.pdf	09-03  Lihikai Elem Sch	335 S Papa Ave		Kahului	HI	96732			
Precinct: 09-04	State of Hawaii, Office of Elections	15	2010-10-25T11:52:16	2010-11-02	15	Hawaii	5	County of Maui	county	9466	09-04	http://elections3.hawaii.gov/ppl/docs/ppl/BALLOTS/English/024EN.pdf	09-04  Maui High School	660 S Lono Ave		Kahului	HI	96732			
Precinct: 09-05	State of Hawaii, Office of Elections	15	2010-10-25T11:52:16	2010-11-02	15	Hawaii	5	County of Maui	county	9467	09-05	http://elections3.hawaii.gov/ppl/docs/ppl/BALLOTS/English/024EN.pdf	09-05  Kahului Elem Sch	410  S Hina Ave		Kahului	HI	96732			
Precinct: 09-06	State of Hawaii, Office of Elections	15	2010-10-25T11:52:16	2010-11-02	15	Hawaii	5	County of Maui	county	9468	09-06	http://elections3.hawaii.gov/ppl/docs/ppl/BALLOTS/English/024EN.pdf	09-06  Kaunoa Senior Citizen Ctr	401 Alakapa Pl		Wailuku	HI	96793			
Precinct: 10-01	State of Hawaii, Office of Elections	15	2010-10-25T11:52:16	2010-11-02	15	Hawaii	5	County of Maui	county	9469	10-01	http://elections3.hawaii.gov/ppl/docs/ppl/BALLOTS/English/025EN.pdf	10-01  Kenolio Recreational Complex	131 S Kihei Rd		Wailuku	HI	96793			
Precinct: 10-02	State of Hawaii, Office of Elections	15	2010-10-25T11:52:16	2010-11-02	15	Hawaii	5	County of Maui	county	9470	10-02	http://elections3.hawaii.gov/ppl/docs/ppl/BALLOTS/English/025EN.pdf	10-02  Kamehameha III Elem Sch	611 Front St		Lahaina	HI	96761			
Precinct: 10-03	State of Hawaii, Office of Elections	15	2010-10-25T11:52:16	2010-11-02	15	Hawaii	5	County of Maui	county	9471	10-03	http://elections3.hawaii.gov/ppl/docs/ppl/BALLOTS/English/025EN.pdf	10-03  Lahaina Inter Sch	871 Lahainaluna Rd		Lahaina	HI	96761			
Precinct: 10-04	State of Hawaii, Office of Elections	15	2010-10-25T11:52:16	2010-11-02	15	Hawaii	5	County of Maui	county	9472	10-04	http://elections3.hawaii.gov/ppl/docs/ppl/BALLOTS/English/025EN.pdf	10-04  Princess Nahienaena Elem Sch	816 Niheu St		Lahaina	HI	96761			
Precinct: 10-05	State of Hawaii, Office of Elections	15	2010-10-25T11:52:16	2010-11-02	15	Hawaii	5	County of Maui	county	9473	10-05	http://elections3.hawaii.gov/ppl/docs/ppl/BALLOTS/English/025EN.pdf	10-05  Lahaina Civic Ctr	1840 Honoapiilani Hwy		Wailuku	HI	96793			
Precinct: 10-06	State of Hawaii, Office of Elections	15	2010-10-25T11:52:16	2010-11-02	15	Hawaii	5	County of Maui	county	9474	10-06	http://elections3.hawaii.gov/ppl/docs/ppl/BALLOTS/English/025EN.pdf	10-06  Honolua United Methodist Church	5110 Kohi St		Lahaina	HI	96761			
Precinct: 11-01	State of Hawaii, Office of Elections	15	2010-10-25T11:52:16	2010-11-02	15	Hawaii	5	County of Maui	county	9475	11-01	http://elections3.hawaii.gov/ppl/docs/ppl/BALLOTS/English/026EN.pdf	11-01  Trinity Episcopal Church by the Sea	100 Kulanihakoi St		Kihei	HI	96753			
Precinct: 11-02	State of Hawaii, Office of Elections	15	2010-10-25T11:52:16	2010-11-02	15	Hawaii	5	County of Maui	county	9476	11-02	http://elections3.hawaii.gov/ppl/docs/ppl/BALLOTS/English/026EN.pdf	11-02  Kamalii Elem Sch	180 Alanui Ke Alii St		Kihei	HI	96753			
Precinct: 11-03	State of Hawaii, Office of Elections	15	2010-10-25T11:52:16	2010-11-02	15	Hawaii	5	County of Maui	county	9477	11-03	http://elections3.hawaii.gov/ppl/docs/ppl/BALLOTS/English/026EN.pdf	11-03  Kihei Community Ctr	303 E Lipoa St		Wailuku	HI	96793			
Precinct: 11-04	State of Hawaii, Office of Elections	15	2010-10-25T11:52:16	2010-11-02	15	Hawaii	5	County of Maui	county	9478	11-04	http://elections3.hawaii.gov/ppl/docs/ppl/BALLOTS/English/026EN.pdf	11-04  Kihei Elem Sch	250 E Lipoa St		Kihei	HI	96753			
Precinct: 12-01	State of Hawaii, Office of Elections	15	2010-10-25T11:52:16	2010-11-02	15	Hawaii	5	County of Maui	county	9479	12-01	http://elections3.hawaii.gov/ppl/docs/ppl/BALLOTS/English/027EN.pdf	12-01  Kalama Inter Sch	120 Makani Rd		Makawao	HI	96768			
Precinct: 12-02	State of Hawaii, Office of Elections	15	2010-10-25T11:52:16	2010-11-02	15	Hawaii	5	County of Maui	county	9480	12-02	http://elections3.hawaii.gov/ppl/docs/ppl/BALLOTS/English/027EN.pdf	12-02  Eddie Tam Memorial Center	931 Makawao Ave		Wailuku	HI	96793			
Precinct: 12-03	State of Hawaii, Office of Elections	15	2010-10-25T11:52:16	2010-11-02	15	Hawaii	5	County of Maui	county	9481	12-03	http://elections3.hawaii.gov/ppl/docs/ppl/BALLOTS/English/027EN.pdf	12-03  Pukalani Elem Sch	2945 Iolani St		Pukalani	HI	96768			
Precinct: 12-04	State of Hawaii, Office of Elections	15	2010-10-25T11:52:16	2010-11-02	15	Hawaii	5	County of Maui	county	9482	12-04	http://elections3.hawaii.gov/ppl/docs/ppl/BALLOTS/English/027EN.pdf	12-04  Mayor Hannibal Tavares Comm Ctr	91 Pukalani St		Wailuku	HI	96793			
Precinct: 12-05	State of Hawaii, Office of Elections	15	2010-10-25T11:52:16	2010-11-02	15	Hawaii	5	County of Maui	county	9483	12-05	http://elections3.hawaii.gov/ppl/docs/ppl/BALLOTS/English/027EN.pdf	12-05  Kula Community Ctr	4355 Lower Kula Rd		Wailuku	HI	96793			
Precinct: 12-06	State of Hawaii, Office of Elections	15	2010-10-25T11:52:16	2010-11-02	15	Hawaii	5	County of Maui	county	9484	12-06	http://elections3.hawaii.gov/ppl/docs/ppl/BALLOTS/English/027EN.pdf	12-06  Kula Elem Sch	5000 Kula Hwy		Kula	HI	96790			
Precinct: 13-01	State of Hawaii, Office of Elections	15	2010-10-25T11:52:16	2010-11-02	15	Hawaii	5	County of Maui	county	9485	13-01	http://elections3.hawaii.gov/ppl/docs/ppl/BALLOTS/English/028EN.pdf	13-01  Paia Community Ctr	252 Hana Hwy		Wailuku	HI	96793			
Precinct: 13-02	State of Hawaii, Office of Elections	15	2010-10-25T11:52:16	2010-11-02	15	Hawaii	5	County of Maui	county	9486	13-02	http://elections3.hawaii.gov/ppl/docs/ppl/BALLOTS/English/028EN.pdf	13-02  Haiku Elem Sch	105 Pauwela Rd		Haiku	HI	96708			
Precinct: 13-03	State of Hawaii, Office of Elections	15	2010-10-25T11:52:16	2010-11-02	15	Hawaii	5	County of Maui	county	9487	13-03	http://elections3.hawaii.gov/ppl/docs/ppl/BALLOTS/English/028EN.pdf	13-03  Haiku Community Ctr	1008 Hana Hwy		Wailuku	HI	96793			
Precinct: 13-04	State of Hawaii, Office of Elections	15	2010-10-25T11:52:16	2010-11-02	15	Hawaii	5	County of Maui	county	9488	13-04	http://elections3.hawaii.gov/ppl/docs/ppl/BALLOTS/English/029EN.pdf	13-04  Kalaupapa Settlement	County of Kalawao		        	HI	        			
Precinct: 13-05	State of Hawaii, Office of Elections	15	2010-10-25T11:52:16	2010-11-02	15	Hawaii	5	County of Maui	county	9489	13-05	http://elections3.hawaii.gov/ppl/docs/ppl/BALLOTS/English/028EN.pdf	13-05  Keanae Elem Sch	Hana Hwy		Hana	HI	96713			
Precinct: 13-06	State of Hawaii, Office of Elections	15	2010-10-25T11:52:16	2010-11-02	15	Hawaii	5	County of Maui	county	9490	13-06	http://elections3.hawaii.gov/ppl/docs/ppl/BALLOTS/English/028EN.pdf	13-06  Hana High/Elem Sch	4111 Hana Hwy		Hana	HI	96713			
Precinct: 13-07	State of Hawaii, Office of Elections	15	2010-10-25T11:52:16	2010-11-02	15	Hawaii	5	County of Maui	county	9491	13-07	http://elections3.hawaii.gov/ppl/docs/ppl/BALLOTS/English/028EN.pdf	13-07  Lanai High/Elem Sch	555 Fraser Ave		Lanai City	HI	96763			
Precinct: 13-08	State of Hawaii, Office of Elections	15	2010-10-25T11:52:16	2010-11-02	15	Hawaii	5	County of Maui	county	9492	13-08	http://elections3.hawaii.gov/ppl/docs/ppl/BALLOTS/English/028EN.pdf	13-08  Kilohana Community Ctr	Kamehameha V Hwy		Wailuku	HI	96793			
Precinct: 13-09	State of Hawaii, Office of Elections	15	2010-10-25T11:52:16	2010-11-02	15	Hawaii	5	County of Maui	county	9493	13-09	http://elections3.hawaii.gov/ppl/docs/ppl/BALLOTS/English/028EN.pdf	13-09  Kaunakakai Sch	30 Ailoa St		Kaunakakai	HI	96748			
Precinct: 13-10	State of Hawaii, Office of Elections	15	2010-10-25T11:52:16	2010-11-02	15	Hawaii	5	County of Maui	county	9494	13-10	http://elections3.hawaii.gov/ppl/docs/ppl/BALLOTS/English/028EN.pdf	13-10  Maunaloa Community Center	128 Maunaloa Rd		Maunaloa	HI	96770			
Precinct: 13-11	State of Hawaii, Office of Elections	15	2010-10-25T11:52:16	2010-11-02	15	Hawaii	5	County of Maui	county	9495	13-11	http://elections3.hawaii.gov/ppl/docs/ppl/BALLOTS/English/028EN.pdf	13-11  Kualapuu Community Ctr	Alahula St		Wailuku	HI	96793			
Precinct: 14-01	State of Hawaii, Office of Elections	15	2010-10-25T11:52:16	2010-11-02	15	Hawaii	4	County of Kauai	county	9496	14-01	http://elections3.hawaii.gov/ppl/docs/ppl/BALLOTS/English/030EN.pdf	14-01  Hanalei Elementary School	5-5415 Kuhio Hwy		Hanalei	HI	96714			
Precinct: 14-02	State of Hawaii, Office of Elections	15	2010-10-25T11:52:16	2010-11-02	15	Hawaii	4	County of Kauai	county	9497	14-02	http://elections3.hawaii.gov/ppl/docs/ppl/BALLOTS/English/030EN.pdf	14-02  Kilauea Elementary School	2440 Kolo Road		Kilauea	HI	96754			
Precinct: 14-03	State of Hawaii, Office of Elections	15	2010-10-25T11:52:16	2010-11-02	15	Hawaii	4	County of Kauai	county	9498	14-03	http://elections3.hawaii.gov/ppl/docs/ppl/BALLOTS/English/030EN.pdf	14-03  Anahola Hawaiian Homes Clubhse	Kalalea Rd		Kapaa	HI	96746			
Precinct: 14-04	State of Hawaii, Office of Elections	15	2010-10-25T11:52:16	2010-11-02	15	Hawaii	4	County of Kauai	county	9499	14-04	http://elections3.hawaii.gov/ppl/docs/ppl/BALLOTS/English/030EN.pdf	14-04  Kapaa Elem Sch	4886 Kawaihau Rd		Kapaa	HI	96746			
Precinct: 14-05	State of Hawaii, Office of Elections	15	2010-10-25T11:52:16	2010-11-02	15	Hawaii	4	County of Kauai	county	9500	14-05	http://elections3.hawaii.gov/ppl/docs/ppl/BALLOTS/English/030EN.pdf	14-05  Kapaa Neighborhood Ctr	4491 Kou St		Kapaa	HI	96746			
Precinct: 15-01	State of Hawaii, Office of Elections	15	2010-10-25T11:52:16	2010-11-02	15	Hawaii	4	County of Kauai	county	9501	15-01	http://elections3.hawaii.gov/ppl/docs/ppl/BALLOTS/English/031EN.pdf	15-01  Kapaa Middle School	4867 Olohena Rd		Kapaa	HI	96746			
Precinct: 15-02	State of Hawaii, Office of Elections	15	2010-10-25T11:52:16	2010-11-02	15	Hawaii	4	County of Kauai	county	9502	15-02	http://elections3.hawaii.gov/ppl/docs/ppl/BALLOTS/English/031EN.pdf	15-02  King Kaumualii Elem Sch	4380 Hanamaulu Rd		Lihue	HI	96766			
Precinct: 15-03	State of Hawaii, Office of Elections	15	2010-10-25T11:52:16	2010-11-02	15	Hawaii	4	County of Kauai	county	9503	15-03	http://elections3.hawaii.gov/ppl/docs/ppl/BALLOTS/English/031EN.pdf	15-03  Kauai War Mem Conv Hall	4191 Hardy St		Lihue	HI	96766			
Precinct: 15-04	State of Hawaii, Office of Elections	15	2010-10-25T11:52:16	2010-11-02	15	Hawaii	4	County of Kauai	county	9504	15-04	http://elections3.hawaii.gov/ppl/docs/ppl/BALLOTS/English/031EN.pdf	15-04  Chiefess Kamakahelei Middle Sch	4431 Nuhou St		Lihue	HI	96766			
Precinct: 15-05	State of Hawaii, Office of Elections	15	2010-10-25T11:52:16	2010-11-02	15	Hawaii	4	County of Kauai	county	9505	15-05	http://elections3.hawaii.gov/ppl/docs/ppl/BALLOTS/English/031EN.pdf	15-05  Koloa Neighborhood Ctr	3461 Weliweli Rd		Koloa	HI	96756			
Precinct: 16-01	State of Hawaii, Office of Elections	15	2010-10-25T11:52:16	2010-11-02	15	Hawaii	4	County of Kauai	county	9506	16-01	http://elections3.hawaii.gov/ppl/docs/ppl/BALLOTS/English/032EN.pdf	16-01  Koloa Elem Sch	3223 Poipu Rd		Koloa	HI	96756			
Precinct: 16-02	State of Hawaii, Office of Elections	15	2010-10-25T11:52:16	2010-11-02	15	Hawaii	4	County of Kauai	county	9507	16-02	http://elections3.hawaii.gov/ppl/docs/ppl/BALLOTS/English/032EN.pdf	16-02  Kalaheo Neighborhood Ctr	4480 Papalina Rd		Kalaheo	HI	96741			
Precinct: 16-03	State of Hawaii, Office of Elections	15	2010-10-25T11:52:16	2010-11-02	15	Hawaii	4	County of Kauai	county	9508	16-03	http://elections3.hawaii.gov/ppl/docs/ppl/BALLOTS/English/032EN.pdf	16-03  Hanapepe Recreation Ctr	4451 Puolo Rd		Hanapepe	HI	96716			
Precinct: 16-04	State of Hawaii, Office of Elections	15	2010-10-25T11:52:16	2010-11-02	15	Hawaii	4	County of Kauai	county	9509	16-04	http://elections3.hawaii.gov/ppl/docs/ppl/BALLOTS/English/032EN.pdf	16-04  Kaumakani Neighborhood Ctr	2301 Kaumakani Rd		Kaumakani	HI	96747			
Precinct: 16-05	State of Hawaii, Office of Elections	15	2010-10-25T11:52:16	2010-11-02	15	Hawaii	4	County of Kauai	county	9510	16-05	http://elections3.hawaii.gov/ppl/docs/ppl/BALLOTS/English/032EN.pdf	16-05  Waimea Neighborhood Ctr	4556 Makeke Rd		Waimea	HI	96796			
Precinct: 16-06	State of Hawaii, Office of Elections	15	2010-10-25T11:52:16	2010-11-02	15	Hawaii	4	County of Kauai	county	9511	16-06	http://elections3.hawaii.gov/ppl/docs/ppl/BALLOTS/English/032EN.pdf	16-06  Kekaha Neighborhood Ctr	8130 Elepaio Rd		Kekaha	HI	96752			
Precinct: 16-07	State of Hawaii, Office of Elections	15	2010-10-25T11:52:16	2010-11-02	15	Hawaii	4	County of Kauai	county	9512	16-07	http://elections3.hawaii.gov/ppl/docs/ppl/BALLOTS/English/032EN.pdf	16-07  Niihau Elem/High Sch	Niihau		Waimea	HI	96796			
Precinct: 17-01	State of Hawaii, Office of Elections	15	2010-10-25T11:52:16	2010-11-02	15	Hawaii	2	City and County of Honolulu	county	9513	17-01	http://elections3.hawaii.gov/ppl/docs/ppl/BALLOTS/English/033EN.pdf	17-01  Kaiser High Sch	511 Lunalilo Home Rd		Honolulu	HI	96825			
Precinct: 17-02	State of Hawaii, Office of Elections	15	2010-10-25T11:52:16	2010-11-02	15	Hawaii	2	City and County of Honolulu	county	9514	17-02	http://elections3.hawaii.gov/ppl/docs/ppl/BALLOTS/English/033EN.pdf	17-02  Koko Head Elem Sch	189 Lunalilo Home Rd		Honolulu	HI	96825			
Precinct: 17-03	State of Hawaii, Office of Elections	15	2010-10-25T11:52:16	2010-11-02	15	Hawaii	2	City and County of Honolulu	county	9515	17-03	http://elections3.hawaii.gov/ppl/docs/ppl/BALLOTS/English/034EN.pdf	17-03  Kamiloiki Elem Sch	7788 Hawaii Kai Dr		Honolulu	HI	96825			
Precinct: 17-04	State of Hawaii, Office of Elections	15	2010-10-25T11:52:16	2010-11-02	15	Hawaii	2	City and County of Honolulu	county	9516	17-04	http://elections3.hawaii.gov/ppl/docs/ppl/BALLOTS/English/034EN.pdf	17-04  Hahaione Elem Sch	595 Pepeekeo St		Honolulu	HI	96825			
Precinct: 18-01	State of Hawaii, Office of Elections	15	2010-10-25T11:52:16	2010-11-02	15	Hawaii	2	City and County of Honolulu	county	9517	18-01	http://elections3.hawaii.gov/ppl/docs/ppl/BALLOTS/English/035EN.pdf	18-01  Hahaione Elem Sch	595 Pepeekeo St		Honolulu	HI	99999			
Precinct: 18-02	State of Hawaii, Office of Elections	15	2010-10-25T11:52:16	2010-11-02	15	Hawaii	2	City and County of Honolulu	county	9518	18-02	http://elections3.hawaii.gov/ppl/docs/ppl/BALLOTS/English/036EN.pdf	18-02  Kahala Elem Sch	4559 Kilauea Ave		Honolulu	HI	96816			
Precinct: 18-03	State of Hawaii, Office of Elections	15	2010-10-25T11:52:16	2010-11-02	15	Hawaii	2	City and County of Honolulu	county	9519	18-03	http://elections3.hawaii.gov/ppl/docs/ppl/BALLOTS/English/036EN.pdf	18-03  Holy Trinity Church	5919 Kalanianaole Hwy		Honolulu	HI	96821			
Precinct: 18-04	State of Hawaii, Office of Elections	15	2010-10-25T11:52:16	2010-11-02	15	Hawaii	2	City and County of Honolulu	county	9520	18-04	http://elections3.hawaii.gov/ppl/docs/ppl/BALLOTS/English/036EN.pdf	18-04  Niu Valley Middle Sch	310 Halemaumau St		Honolulu	HI	96821			
Precinct: 18-05	State of Hawaii, Office of Elections	15	2010-10-25T11:52:16	2010-11-02	15	Hawaii	2	City and County of Honolulu	county	9521	18-05	http://elections3.hawaii.gov/ppl/docs/ppl/BALLOTS/English/036EN.pdf	18-05  Aina Haina Elem Sch	801 W Hind Dr		Honolulu	HI	96821			
Precinct: 19-01	State of Hawaii, Office of Elections	15	2010-10-25T11:52:16	2010-11-02	15	Hawaii	2	City and County of Honolulu	county	9522	19-01	http://elections3.hawaii.gov/ppl/docs/ppl/BALLOTS/English/037EN.pdf	19-01  Kalani High Sch	4680 Kalanianaole Hwy		Honolulu	HI	96821			
Precinct: 19-02	State of Hawaii, Office of Elections	15	2010-10-25T11:52:16	2010-11-02	15	Hawaii	2	City and County of Honolulu	county	9523	19-02	http://elections3.hawaii.gov/ppl/docs/ppl/BALLOTS/English/038EN.pdf	19-02  Aliiolani Elem Sch	1240 7th Ave		Honolulu	HI	96816			
Precinct: 19-03	State of Hawaii, Office of Elections	15	2010-10-25T11:52:16	2010-11-02	15	Hawaii	2	City and County of Honolulu	county	9524	19-03	http://elections3.hawaii.gov/ppl/docs/ppl/BALLOTS/English/037EN.pdf	19-03  Wilson Elem Sch	4945 Kilauea Ave		Honolulu	HI	96816			
Precinct: 19-04	State of Hawaii, Office of Elections	15	2010-10-25T11:52:16	2010-11-02	15	Hawaii	2	City and County of Honolulu	county	9525	19-04	http://elections3.hawaii.gov/ppl/docs/ppl/BALLOTS/English/039EN.pdf	19-04  Waialae Elem Sch	1045 19th Ave		Honolulu	HI	96816			
Precinct: 20-01	State of Hawaii, Office of Elections	15	2010-10-25T11:52:16	2010-11-02	15	Hawaii	2	City and County of Honolulu	county	9526	20-01	http://elections3.hawaii.gov/ppl/docs/ppl/BALLOTS/English/040EN.pdf	20-01  Anuenue Elem Sch	2530 10th Ave		Honolulu	HI	96816			
Precinct: 20-02	State of Hawaii, Office of Elections	15	2010-10-25T11:52:16	2010-11-02	15	Hawaii	2	City and County of Honolulu	county	9527	20-02	http://elections3.hawaii.gov/ppl/docs/ppl/BALLOTS/English/040EN.pdf	20-02  Jarrett Middle Sch	1903 Palolo Ave		Honolulu	HI	96816			
Precinct: 20-03	State of Hawaii, Office of Elections	15	2010-10-25T11:52:16	2010-11-02	15	Hawaii	2	City and County of Honolulu	county	9528	20-03	http://elections3.hawaii.gov/ppl/docs/ppl/BALLOTS/English/040EN.pdf	20-03  Hokulani Elem Sch	2940 Kamakini St		Honolulu	HI	96816			
Precinct: 20-04	State of Hawaii, Office of Elections	15	2010-10-25T11:52:16	2010-11-02	15	Hawaii	2	City and County of Honolulu	county	9529	20-04	http://elections3.hawaii.gov/ppl/docs/ppl/BALLOTS/English/041EN.pdf	20-04  Liliuokalani Elem Sch	3633 Waialae Ave		Honolulu	HI	96816			
Precinct: 21-01	State of Hawaii, Office of Elections	15	2010-10-25T11:52:16	2010-11-02	15	Hawaii	2	City and County of Honolulu	county	9530	21-01	http://elections3.hawaii.gov/ppl/docs/ppl/BALLOTS/English/042EN.pdf	21-01  Kaimuki High Sch	2705 Kaimuki Ave		Honolulu	HI	96816			
Precinct: 21-02	State of Hawaii, Office of Elections	15	2010-10-25T11:52:16	2010-11-02	15	Hawaii	2	City and County of Honolulu	county	9531	21-02	http://elections3.hawaii.gov/ppl/docs/ppl/BALLOTS/English/042EN.pdf	21-02  HI Ctr for Deaf/Blind	3440 Leahi Ave		Honolulu	HI	96815			
Precinct: 21-03	State of Hawaii, Office of Elections	15	2010-10-25T11:52:16	2010-11-02	15	Hawaii	2	City and County of Honolulu	county	9532	21-03	http://elections3.hawaii.gov/ppl/docs/ppl/BALLOTS/English/043EN.pdf	21-03  Ala Wai Elem Sch	503 Kamoku St		Honolulu	HI	96826			
Precinct: 21-04	State of Hawaii, Office of Elections	15	2010-10-25T11:52:16	2010-11-02	15	Hawaii	2	City and County of Honolulu	county	9533	21-04	http://elections3.hawaii.gov/ppl/docs/ppl/BALLOTS/English/044EN.pdf	21-04  Waikiki Elem Sch	3710 Leahi Ave		Honolulu	HI	96815			
Precinct: 21-05	State of Hawaii, Office of Elections	15	2010-10-25T11:52:16	2010-11-02	15	Hawaii	2	City and County of Honolulu	county	9534	21-05	http://elections3.hawaii.gov/ppl/docs/ppl/BALLOTS/English/045EN.pdf	21-05  Jefferson Elem Sch	324 Kapahulu Ave		Honolulu	HI	96815			
Precinct: 22-01	State of Hawaii, Office of Elections	15	2010-10-25T11:52:16	2010-11-02	15	Hawaii	2	City and County of Honolulu	county	9535	22-01	http://elections3.hawaii.gov/ppl/docs/ppl/BALLOTS/English/046EN.pdf	22-01  Lunalilo Elem Sch	810 Pumehana St		Honolulu	HI	96826			
Precinct: 22-02	State of Hawaii, Office of Elections	15	2010-10-25T11:52:16	2010-11-02	15	Hawaii	2	City and County of Honolulu	county	9536	22-02	http://elections3.hawaii.gov/ppl/docs/ppl/BALLOTS/English/046EN.pdf	22-02  Kuhio Elem Sch	2759 S King St		Honolulu	HI	96826			
Precinct: 22-03	State of Hawaii, Office of Elections	15	2010-10-25T11:52:16	2010-11-02	15	Hawaii	2	City and County of Honolulu	county	9537	22-03	http://elections3.hawaii.gov/ppl/docs/ppl/BALLOTS/English/047EN.pdf	22-03  Washington Middle Sch	1633 S King St		Honolulu	HI	96826			
Precinct: 23-01	State of Hawaii, Office of Elections	15	2010-10-25T11:52:16	2010-11-02	15	Hawaii	2	City and County of Honolulu	county	9538	23-01	http://elections3.hawaii.gov/ppl/docs/ppl/BALLOTS/English/048EN.pdf	23-01  919 Ala Moana Bldg	919 Ala Moana Blvd		Honolulu	HI	96813			
Precinct: 23-02	State of Hawaii, Office of Elections	15	2010-10-25T11:52:16	2010-11-02	15	Hawaii	2	City and County of Honolulu	county	9539	23-02	http://elections3.hawaii.gov/ppl/docs/ppl/BALLOTS/English/049EN.pdf	23-02  Waikiki Community Ctr	310 Paoakalani Ave		Honolulu	HI	96815			
Precinct: 23-03	State of Hawaii, Office of Elections	15	2010-10-25T11:52:16	2010-11-02	15	Hawaii	2	City and County of Honolulu	county	9540	23-03	http://elections3.hawaii.gov/ppl/docs/ppl/BALLOTS/English/049EN.pdf	23-03  Ala Wai Community Park	2015 Kapiolani Blvd		Honolulu	HI	96813			
Precinct: 24-01	State of Hawaii, Office of Elections	15	2010-10-25T11:52:16	2010-11-02	15	Hawaii	2	City and County of Honolulu	county	9541	24-01	http://elections3.hawaii.gov/ppl/docs/ppl/BALLOTS/English/050EN.pdf	24-01  Manoa Elem Sch	3155 Manoa Rd		Honolulu	HI	96822			
Precinct: 24-02	State of Hawaii, Office of Elections	15	2010-10-25T11:52:16	2010-11-02	15	Hawaii	2	City and County of Honolulu	county	9542	24-02	http://elections3.hawaii.gov/ppl/docs/ppl/BALLOTS/English/050EN.pdf	24-02  Noelani Elem Sch	2655 Woodlawn Dr		Honolulu	HI	96822			
Precinct: 24-03	State of Hawaii, Office of Elections	15	2010-10-25T11:52:16	2010-11-02	15	Hawaii	2	City and County of Honolulu	county	9543	24-03	http://elections3.hawaii.gov/ppl/docs/ppl/BALLOTS/English/050EN.pdf	24-03  University Laboratory Sch	1776 University Ave		Honolulu	HI	96822			
Precinct: 24-04	State of Hawaii, Office of Elections	15	2010-10-25T11:52:16	2010-11-02	15	Hawaii	2	City and County of Honolulu	county	9544	24-04	http://elections3.hawaii.gov/ppl/docs/ppl/BALLOTS/English/050EN.pdf	24-04  Central Union Church	1660 S Beretania St		Honolulu	HI	96826			
Precinct: 25-01	State of Hawaii, Office of Elections	15	2010-10-25T11:52:16	2010-11-02	15	Hawaii	2	City and County of Honolulu	county	9545	25-01	http://elections3.hawaii.gov/ppl/docs/ppl/BALLOTS/English/051EN.pdf	25-01  Lincoln Elem Sch	615 Auwaiolimu St		Honolulu	HI	96813			
Precinct: 25-02	State of Hawaii, Office of Elections	15	2010-10-25T11:52:16	2010-11-02	15	Hawaii	2	City and County of Honolulu	county	9546	25-02	http://elections3.hawaii.gov/ppl/docs/ppl/BALLOTS/English/051EN.pdf	25-02  Christ United Methodist Church	1639 Keeaumoku St		Honolulu	HI	96822			
Precinct: 25-03	State of Hawaii, Office of Elections	15	2010-10-25T11:52:16	2010-11-02	15	Hawaii	2	City and County of Honolulu	county	9547	25-03	http://elections3.hawaii.gov/ppl/docs/ppl/BALLOTS/English/052EN.pdf	25-03  St Clements Episcopal Church	1515 Wilder Ave		Honolulu	HI	96822			
Precinct: 25-04	State of Hawaii, Office of Elections	15	2010-10-25T11:52:16	2010-11-02	15	Hawaii	2	City and County of Honolulu	county	9548	25-04	http://elections3.hawaii.gov/ppl/docs/ppl/BALLOTS/English/053EN.pdf	25-04  Olivet Baptist Church	1775 S. Beretania St		Honolulu	HI	96826			
Precinct: 25-05	State of Hawaii, Office of Elections	15	2010-10-25T11:52:16	2010-11-02	15	Hawaii	2	City and County of Honolulu	county	9549	25-05	http://elections3.hawaii.gov/ppl/docs/ppl/BALLOTS/English/054EN.pdf	25-05  Makiki District Park	1527 Keeaumoku St		Honolulu	HI	96813			
Precinct: 26-01	State of Hawaii, Office of Elections	15	2010-10-25T11:52:16	2010-11-02	15	Hawaii	2	City and County of Honolulu	county	9550	26-01	http://elections3.hawaii.gov/ppl/docs/ppl/BALLOTS/English/055EN.pdf	26-01  Kawananakoa Middle Sch	49 Funchal St		Honolulu	HI	96813			
Precinct: 26-02	State of Hawaii, Office of Elections	15	2010-10-25T11:52:16	2010-11-02	15	Hawaii	2	City and County of Honolulu	county	9551	26-02	http://elections3.hawaii.gov/ppl/docs/ppl/BALLOTS/English/055EN.pdf	26-02  Nuuanu Elem Sch	3055 Puiwa Ln		Honolulu	HI	96734			
Precinct: 26-03	State of Hawaii, Office of Elections	15	2010-10-25T11:52:16	2010-11-02	15	Hawaii	2	City and County of Honolulu	county	9552	26-03	http://elections3.hawaii.gov/ppl/docs/ppl/BALLOTS/English/056EN.pdf	26-03  Stevenson Middle Sch	1202 Prospect St		        	HI	        			
Precinct: 26-04	State of Hawaii, Office of Elections	15	2010-10-25T11:52:16	2010-11-02	15	Hawaii	2	City and County of Honolulu	county	9553	26-04	http://elections3.hawaii.gov/ppl/docs/ppl/BALLOTS/English/056EN.pdf	26-04  Royal Elem Sch	1519 Queen Emma St		Honolulu	HI	96813			
Precinct: 27-01	State of Hawaii, Office of Elections	15	2010-10-25T11:52:16	2010-11-02	15	Hawaii	2	City and County of Honolulu	county	9554	27-01	http://elections3.hawaii.gov/ppl/docs/ppl/BALLOTS/English/057EN.pdf	27-01  Lanakila Elem Sch	717 N Kuakini St		Honolulu	HI	96817			
Precinct: 27-02	State of Hawaii, Office of Elections	15	2010-10-25T11:52:16	2010-11-02	15	Hawaii	2	City and County of Honolulu	county	9555	27-02	http://elections3.hawaii.gov/ppl/docs/ppl/BALLOTS/English/058EN.pdf	27-02  Likelike Elem Sch	1618 Palama St		Honolulu	HI	96817			
Precinct: 27-03	State of Hawaii, Office of Elections	15	2010-10-25T11:52:16	2010-11-02	15	Hawaii	2	City and County of Honolulu	county	9556	27-03	http://elections3.hawaii.gov/ppl/docs/ppl/BALLOTS/English/057EN.pdf	27-03  Maemae Elem Sch	319 Wyllie St		Honolulu	HI	96817			
Precinct: 28-01	State of Hawaii, Office of Elections	15	2010-10-25T11:52:16	2010-11-02	15	Hawaii	2	City and County of Honolulu	county	9557	28-01	http://elections3.hawaii.gov/ppl/docs/ppl/BALLOTS/English/059EN.pdf	28-01  Kaahumanu Elem Sch	1141 Kinau St		Honolulu	HI	96814			
Precinct: 28-02	State of Hawaii, Office of Elections	15	2010-10-25T11:52:16	2010-11-02	15	Hawaii	2	City and County of Honolulu	county	9558	28-02	http://elections3.hawaii.gov/ppl/docs/ppl/BALLOTS/English/060EN.pdf	28-02  McKinley Comm Sch for Adults	634 Pensacola St		Honolulu	HI	96814			
Precinct: 28-03	State of Hawaii, Office of Elections	15	2010-10-25T11:52:16	2010-11-02	15	Hawaii	2	City and County of Honolulu	county	9559	28-03	http://elections3.hawaii.gov/ppl/docs/ppl/BALLOTS/English/061EN.pdf	28-03  McKinley High Sch	1039 S King St		Honolulu	HI	96814			
Precinct: 28-04	State of Hawaii, Office of Elections	15	2010-10-25T11:52:16	2010-11-02	15	Hawaii	2	City and County of Honolulu	county	9560	28-04	http://elections3.hawaii.gov/ppl/docs/ppl/BALLOTS/English/062EN.pdf	28-04  Kaiulani Elem Sch	783 N King St		Honolulu	HI	96817			
Precinct: 28-05	State of Hawaii, Office of Elections	15	2010-10-25T11:52:16	2010-11-02	15	Hawaii	2	City and County of Honolulu	county	9561	28-05	http://elections3.hawaii.gov/ppl/docs/ppl/BALLOTS/English/061EN.pdf	28-05  Central Middle Sch	1302 Queen Emma St		Honolulu	HI	96813			
Precinct: 29-01	State of Hawaii, Office of Elections	15	2010-10-25T11:52:16	2010-11-02	15	Hawaii	2	City and County of Honolulu	county	9562	29-01	http://elections3.hawaii.gov/ppl/docs/ppl/BALLOTS/English/063EN.pdf	29-01  Fern Elem Sch	1121 Middle St		Honolulu	HI	96819			
Precinct: 29-02	State of Hawaii, Office of Elections	15	2010-10-25T11:52:16	2010-11-02	15	Hawaii	2	City and County of Honolulu	county	9563	29-02	http://elections3.hawaii.gov/ppl/docs/ppl/BALLOTS/English/064EN.pdf	29-02  Farrington High Sch	1564 N King St		Honolulu	HI	96817			
Precinct: 30-01	State of Hawaii, Office of Elections	15	2010-10-25T11:52:16	2010-11-02	15	Hawaii	2	City and County of Honolulu	county	9564	30-01	http://elections3.hawaii.gov/ppl/docs/ppl/BALLOTS/English/065EN.pdf	30-01  Kapalama Elem Sch	1601 N School St		Honolulu	HI	96817			
Precinct: 30-02	State of Hawaii, Office of Elections	15	2010-10-25T11:52:16	2010-11-02	15	Hawaii	2	City and County of Honolulu	county	9565	30-02	http://elections3.hawaii.gov/ppl/docs/ppl/BALLOTS/English/065EN.pdf	30-02  Kalihi Uka Elem Sch	2411 Kalihi St		Honolulu	HI	96819			
Precinct: 30-03	State of Hawaii, Office of Elections	15	2010-10-25T11:52:16	2010-11-02	15	Hawaii	2	City and County of Honolulu	county	9566	30-03	http://elections3.hawaii.gov/ppl/docs/ppl/BALLOTS/English/066EN.pdf	30-03  Moanalua Elem Sch	1337 Mahiole St		Honolulu	HI	96819			
Precinct: 30-04	State of Hawaii, Office of Elections	15	2010-10-25T11:52:16	2010-11-02	15	Hawaii	2	City and County of Honolulu	county	9567	30-04	http://elections3.hawaii.gov/ppl/docs/ppl/BALLOTS/English/067EN.pdf	30-04  Kaewai Elem Sch	1929 Kamehameha IV Rd		Honolulu	HI	96819			
Precinct: 31-01	State of Hawaii, Office of Elections	15	2010-10-25T11:52:16	2010-11-02	15	Hawaii	2	City and County of Honolulu	county	9568	31-01	http://elections3.hawaii.gov/ppl/docs/ppl/BALLOTS/English/068EN.pdf	31-01  Moanalua Middle Sch	1289 Mahiole St		Honolulu	HI	96819			
Precinct: 31-02	State of Hawaii, Office of Elections	15	2010-10-25T11:52:16	2010-11-02	15	Hawaii	2	City and County of Honolulu	county	9569	31-02	http://elections3.hawaii.gov/ppl/docs/ppl/BALLOTS/English/069EN.pdf	31-02  Moanalua High Sch	2825 Ala Ilima St		Honolulu	HI	96818			
Precinct: 31-03	State of Hawaii, Office of Elections	15	2010-10-25T11:52:16	2010-11-02	15	Hawaii	2	City and County of Honolulu	county	9570	31-03	http://elections3.hawaii.gov/ppl/docs/ppl/BALLOTS/English/069EN.pdf	31-03  Salt Lake Elem Sch	1131 Ala Lilikoi St		Honolulu	HI	96818			
Precinct: 32-01	State of Hawaii, Office of Elections	15	2010-10-25T11:52:16	2010-11-02	15	Hawaii	2	City and County of Honolulu	county	9571	32-01	http://elections3.hawaii.gov/ppl/docs/ppl/BALLOTS/English/070EN.pdf	32-01  Moanalua Elem Sch	1337 Mahiole St		Honolulu	HI	96819			
Precinct: 32-02	State of Hawaii, Office of Elections	15	2010-10-25T11:52:16	2010-11-02	15	Hawaii	2	City and County of Honolulu	county	9572	32-02	http://elections3.hawaii.gov/ppl/docs/ppl/BALLOTS/English/070EN.pdf	32-02  Aiea Elem Sch	99-370 Moanalua Rd		Aiea	HI	96701			
Precinct: 32-03	State of Hawaii, Office of Elections	15	2010-10-25T11:52:16	2010-11-02	15	Hawaii	2	City and County of Honolulu	county	9573	32-03	http://elections3.hawaii.gov/ppl/docs/ppl/BALLOTS/English/071EN.pdf	32-03  Aliamanu Middle Sch	3271 Salt Lake Blvd		Honolulu	HI	96818			
Precinct: 32-04	State of Hawaii, Office of Elections	15	2010-10-25T11:52:16	2010-11-02	15	Hawaii	2	City and County of Honolulu	county	9574	32-04	http://elections3.hawaii.gov/ppl/docs/ppl/BALLOTS/English/071EN.pdf	32-04  Makalapa Elem Sch	4435 Salt Lake Blvd		Honolulu	HI	96818			
Precinct: 32-05	State of Hawaii, Office of Elections	15	2010-10-25T11:52:16	2010-11-02	15	Hawaii	2	City and County of Honolulu	county	9575	32-05	http://elections3.hawaii.gov/ppl/docs/ppl/BALLOTS/English/071EN.pdf	32-05  Radford High School	4361 Salt Lake Blvd		Honolulu	HI	96818			
Precinct: 33-01	State of Hawaii, Office of Elections	15	2010-10-25T11:52:16	2010-11-02	15	Hawaii	2	City and County of Honolulu	county	9576	33-01	http://elections3.hawaii.gov/ppl/docs/ppl/BALLOTS/English/072EN.pdf	33-01  Aiea High Sch	98-1276 Ulune St		Aiea	HI	96701			
Precinct: 33-02	State of Hawaii, Office of Elections	15	2010-10-25T11:52:16	2010-11-02	15	Hawaii	2	City and County of Honolulu	county	9577	33-02	http://elections3.hawaii.gov/ppl/docs/ppl/BALLOTS/English/073EN.pdf	33-02  Halawa District Park	99-795 Iwaiwa St		Honolulu	HI	96813			
Precinct: 33-03	State of Hawaii, Office of Elections	15	2010-10-25T11:52:16	2010-11-02	15	Hawaii	2	City and County of Honolulu	county	9578	33-03	http://elections3.hawaii.gov/ppl/docs/ppl/BALLOTS/English/072EN.pdf	33-03  Pearlridge Elem Sch	98-940 Moanalua Rd		Aiea	HI	96701			
Precinct: 34-01	State of Hawaii, Office of Elections	15	2010-10-25T11:52:16	2010-11-02	15	Hawaii	2	City and County of Honolulu	county	9579	34-01	http://elections3.hawaii.gov/ppl/docs/ppl/BALLOTS/English/074EN.pdf	34-01  Calvary Chapel of Honolulu	98-1016 Komo Mai Dr		Aiea	HI	96701			
Precinct: 34-02	State of Hawaii, Office of Elections	15	2010-10-25T11:52:16	2010-11-02	15	Hawaii	2	City and County of Honolulu	county	9580	34-02	http://elections3.hawaii.gov/ppl/docs/ppl/BALLOTS/English/074EN.pdf	34-02  Lehua Elem Sch	791 Lehua Ave		Pearl City 	HI	96782			
Precinct: 34-03	State of Hawaii, Office of Elections	15	2010-10-25T11:52:16	2010-11-02	15	Hawaii	2	City and County of Honolulu	county	9581	34-03	http://elections3.hawaii.gov/ppl/docs/ppl/BALLOTS/English/074EN.pdf	34-03  Waimalu Elem Sch	98-825 Moanalua Rd		Aiea	HI	96701			
Precinct: 34-04	State of Hawaii, Office of Elections	15	2010-10-25T11:52:16	2010-11-02	15	Hawaii	2	City and County of Honolulu	county	9582	34-04	http://elections3.hawaii.gov/ppl/docs/ppl/BALLOTS/English/074EN.pdf	34-04  Highlands Inter Sch	1460 Hoolaulea St		Pearl City 	HI	96782			
Precinct: 35-01	State of Hawaii, Office of Elections	15	2010-10-25T11:52:16	2010-11-02	15	Hawaii	2	City and County of Honolulu	county	9583	35-01	http://elections3.hawaii.gov/ppl/docs/ppl/BALLOTS/English/075EN.pdf	35-01  Crestview Community Park	94-1220 Lumikula St		Honolulu	HI	96813			
Precinct: 35-02	State of Hawaii, Office of Elections	15	2010-10-25T11:52:16	2010-11-02	15	Hawaii	2	City and County of Honolulu	county	9584	35-02	http://elections3.hawaii.gov/ppl/docs/ppl/BALLOTS/English/076EN.pdf	35-02  Waipahu High Sch	94-1211 Farrington Hwy		Waipahu	HI	96797			
Precinct: 35-03	State of Hawaii, Office of Elections	15	2010-10-25T11:52:16	2010-11-02	15	Hawaii	2	City and County of Honolulu	county	9585	35-03	http://elections3.hawaii.gov/ppl/docs/ppl/BALLOTS/English/076EN.pdf	35-03  August Ahrens Elem Sch	94-1170 Waipahu St		Waipahu	HI	96797			
Precinct: 35-04	State of Hawaii, Office of Elections	15	2010-10-25T11:52:16	2010-11-02	15	Hawaii	2	City and County of Honolulu	county	9586	35-04	http://elections3.hawaii.gov/ppl/docs/ppl/BALLOTS/English/076EN.pdf	35-04  Waipahu Elem Sch	94-465 Waipahu St		Waipahu	HI	96797			
Precinct: 36-01	State of Hawaii, Office of Elections	15	2010-10-25T11:52:16	2010-11-02	15	Hawaii	2	City and County of Honolulu	county	9587	36-01	http://elections3.hawaii.gov/ppl/docs/ppl/BALLOTS/English/077EN.pdf	36-01  Palisades Elem Sch	2306 Auhuhu St		Pearl City 	HI	96782			
Precinct: 36-02	State of Hawaii, Office of Elections	15	2010-10-25T11:52:16	2010-11-02	15	Hawaii	2	City and County of Honolulu	county	9588	36-02	http://elections3.hawaii.gov/ppl/docs/ppl/BALLOTS/English/077EN.pdf	36-02  Pearl City Highlands Elem Sch	1419 Waimano Home Rd		Pearl City 	HI	96782			
Precinct: 36-03	State of Hawaii, Office of Elections	15	2010-10-25T11:52:16	2010-11-02	15	Hawaii	2	City and County of Honolulu	county	9589	36-03	http://elections3.hawaii.gov/ppl/docs/ppl/BALLOTS/English/077EN.pdf	36-03  Manana Elem Sch	1147 Kumano St		Pearl City 	HI	96782			
Precinct: 36-04	State of Hawaii, Office of Elections	15	2010-10-25T11:52:16	2010-11-02	15	Hawaii	2	City and County of Honolulu	county	9590	36-04	http://elections3.hawaii.gov/ppl/docs/ppl/BALLOTS/English/078EN.pdf	36-04  Leeward Community College	96-045 Ala Ike St		Pearl City 	HI	96782			
Precinct: 37-01	State of Hawaii, Office of Elections	15	2010-10-25T11:52:16	2010-11-02	15	Hawaii	2	City and County of Honolulu	county	9591	37-01	http://elections3.hawaii.gov/ppl/docs/ppl/BALLOTS/English/079EN.pdf	37-01  Kanoelani Elem Sch	94-1091 Oli Loop		Waipahu	HI	96797			
Precinct: 37-02	State of Hawaii, Office of Elections	15	2010-10-25T11:52:16	2010-11-02	15	Hawaii	2	City and County of Honolulu	county	9592	37-02	http://elections3.hawaii.gov/ppl/docs/ppl/BALLOTS/English/080EN.pdf	37-02  Mililani High Sch	95-1200 Meheula Pkwy		Mililani	HI	96789			
Precinct: 37-03	State of Hawaii, Office of Elections	15	2010-10-25T11:52:16	2010-11-02	15	Hawaii	2	City and County of Honolulu	county	9593	37-03	http://elections3.hawaii.gov/ppl/docs/ppl/BALLOTS/English/080EN.pdf	37-03  Mililani Uka Elem Sch	94-380 Kuahelani Ave		Mililani	HI	96789			
Precinct: 37-04	State of Hawaii, Office of Elections	15	2010-10-25T11:52:16	2010-11-02	15	Hawaii	2	City and County of Honolulu	county	9594	37-04	http://elections3.hawaii.gov/ppl/docs/ppl/BALLOTS/English/080EN.pdf	37-04  Mililani Dist Park	94-200 Lanikuhana Ave		Honolulu	HI	96813			
Precinct: 38-01	State of Hawaii, Office of Elections	15	2010-10-25T11:52:16	2010-11-02	15	Hawaii	2	City and County of Honolulu	county	9595	38-01	http://elections3.hawaii.gov/ppl/docs/ppl/BALLOTS/English/081EN.pdf	38-01  Mililani Mauka Elem Sch	95-1111 Makaikai St		Mililani	HI	96789			
Precinct: 38-02	State of Hawaii, Office of Elections	15	2010-10-25T11:52:16	2010-11-02	15	Hawaii	2	City and County of Honolulu	county	9596	38-02	http://elections3.hawaii.gov/ppl/docs/ppl/BALLOTS/English/082EN.pdf	38-02  Mililani Middle Sch	95-1140 Lehiwa Dr		Mililani	HI	96789			
Precinct: 38-03	State of Hawaii, Office of Elections	15	2010-10-25T11:52:16	2010-11-02	15	Hawaii	2	City and County of Honolulu	county	9597	38-03	http://elections3.hawaii.gov/ppl/docs/ppl/BALLOTS/English/083EN.pdf	38-03  Mililani Waena Elem Sch	95-502 Kipapa Dr		Mililani	HI	96789			
Precinct: 38-04	State of Hawaii, Office of Elections	15	2010-10-25T11:52:16	2010-11-02	15	Hawaii	2	City and County of Honolulu	county	9598	38-04	http://elections3.hawaii.gov/ppl/docs/ppl/BALLOTS/English/083EN.pdf	38-04  Mililani High Sch	95-1200 Meheula Pkwy		Mililani	HI	96789			
Precinct: 39-01	State of Hawaii, Office of Elections	15	2010-10-25T11:52:16	2010-11-02	15	Hawaii	2	City and County of Honolulu	county	9599	39-01	http://elections3.hawaii.gov/ppl/docs/ppl/BALLOTS/English/084EN.pdf	39-01  Helemano Elem Sch	1001 Ihi Ihi Ave		Wahiawa	HI	96786			
Precinct: 39-02	State of Hawaii, Office of Elections	15	2010-10-25T11:52:16	2010-11-02	15	Hawaii	2	City and County of Honolulu	county	9600	39-02	http://elections3.hawaii.gov/ppl/docs/ppl/BALLOTS/English/084EN.pdf	39-02  Wahiawa Middle Sch	275 Rose St		Wahiawa	HI	96786			
Precinct: 39-03	State of Hawaii, Office of Elections	15	2010-10-25T11:52:16	2010-11-02	15	Hawaii	2	City and County of Honolulu	county	9601	39-03	http://elections3.hawaii.gov/ppl/docs/ppl/BALLOTS/English/084EN.pdf	39-03  Leilehua High Sch	1515 California Ave		Wahiawa	HI	96786			
Precinct: 39-04	State of Hawaii, Office of Elections	15	2010-10-25T11:52:16	2010-11-02	15	Hawaii	2	City and County of Honolulu	county	9602	39-04	http://elections3.hawaii.gov/ppl/docs/ppl/BALLOTS/English/085EN.pdf	39-04  Kipapa Elem Sch	95-075 Waikalani Dr		Mililani	HI	96789			
Precinct: 40-01	State of Hawaii, Office of Elections	15	2010-10-25T11:52:16	2010-11-02	15	Hawaii	2	City and County of Honolulu	county	9603	40-01	http://elections3.hawaii.gov/ppl/docs/ppl/BALLOTS/English/086EN.pdf	40-01  Hoaeae Community Park	94-665 Kaaholo St		Waipahu	HI	96797			
Precinct: 40-02	State of Hawaii, Office of Elections	15	2010-10-25T11:52:16	2010-11-02	15	Hawaii	2	City and County of Honolulu	county	9604	40-02	http://elections3.hawaii.gov/ppl/docs/ppl/BALLOTS/English/086EN.pdf	40-02  Kapolei Elem Sch	91-1119 Kamaaha Lp		Kapolei	HI	96707			
Precinct: 40-03	State of Hawaii, Office of Elections	15	2010-10-25T11:52:16	2010-11-02	15	Hawaii	2	City and County of Honolulu	county	9605	40-03	http://elections3.hawaii.gov/ppl/docs/ppl/BALLOTS/English/086EN.pdf	40-03  Kapolei High School	91-5007 Kapolei Hwy		Kapolei	HI	96707			
Precinct: 40-04	State of Hawaii, Office of Elections	15	2010-10-25T11:52:16	2010-11-02	15	Hawaii	2	City and County of Honolulu	county	9606	40-04	http://elections3.hawaii.gov/ppl/docs/ppl/BALLOTS/English/086EN.pdf	40-04  Makakilo Elem Sch	92-675 Anipeahi St		Kapolei	HI	96707			
Precinct: 40-05	State of Hawaii, Office of Elections	15	2010-10-25T11:52:16	2010-11-02	15	Hawaii	2	City and County of Honolulu	county	9607	40-05	http://elections3.hawaii.gov/ppl/docs/ppl/BALLOTS/English/086EN.pdf	40-05  Mauka Lani Elem Sch	92-1300 Panana St		Kapolei	HI	96707			
Precinct: 41-01	State of Hawaii, Office of Elections	15	2010-10-25T11:52:16	2010-11-02	15	Hawaii	2	City and County of Honolulu	county	9608	41-01	http://elections3.hawaii.gov/ppl/docs/ppl/BALLOTS/English/087EN.pdf	41-01  Waikele Elem Sch	94-1035 Kukula St		Waipahu	HI	96797			
Precinct: 41-02	State of Hawaii, Office of Elections	15	2010-10-25T11:52:16	2010-11-02	15	Hawaii	2	City and County of Honolulu	county	9609	41-02	http://elections3.hawaii.gov/ppl/docs/ppl/BALLOTS/English/088EN.pdf	41-02  Kaleiopuu Elem Sch	94-665 Kaaholo St		Waipahu	HI	96797			
Precinct: 41-03	State of Hawaii, Office of Elections	15	2010-10-25T11:52:16	2010-11-02	15	Hawaii	2	City and County of Honolulu	county	9610	41-03	http://elections3.hawaii.gov/ppl/docs/ppl/BALLOTS/English/089EN.pdf	41-03  Honowai Elem Sch	94-600 Honowai St		Waipahu	HI	96797			
Precinct: 41-04	State of Hawaii, Office of Elections	15	2010-10-25T11:52:16	2010-11-02	15	Hawaii	2	City and County of Honolulu	county	9611	41-04	http://elections3.hawaii.gov/ppl/docs/ppl/BALLOTS/English/087EN.pdf	41-04  Waipahu Elem Sch	94-465 Waipahu St		Waipahu	HI	96797			
Precinct: 42-01	State of Hawaii, Office of Elections	15	2010-10-25T11:52:16	2010-11-02	15	Hawaii	2	City and County of Honolulu	county	9612	42-01	http://elections3.hawaii.gov/ppl/docs/ppl/BALLOTS/English/090EN.pdf	42-01  Waipahu Field	94-230 Paiwa St		Honolulu	HI	96813			
Precinct: 42-02	State of Hawaii, Office of Elections	15	2010-10-25T11:52:16	2010-11-02	15	Hawaii	2	City and County of Honolulu	county	9613	42-02	http://elections3.hawaii.gov/ppl/docs/ppl/BALLOTS/English/091EN.pdf	42-02  Waipahu Inter Sch	94-455 Farrington Hwy		Waipahu	HI	96797			
Precinct: 42-03	State of Hawaii, Office of Elections	15	2010-10-25T11:52:16	2010-11-02	15	Hawaii	2	City and County of Honolulu	county	9614	42-03	http://elections3.hawaii.gov/ppl/docs/ppl/BALLOTS/English/091EN.pdf	42-03  Ilima Inter Sch	91-884 Ft Weaver Rd		Ewa Beach	HI	96706			
Precinct: 42-04	State of Hawaii, Office of Elections	15	2010-10-25T11:52:16	2010-11-02	15	Hawaii	2	City and County of Honolulu	county	9615	42-04	http://elections3.hawaii.gov/ppl/docs/ppl/BALLOTS/English/091EN.pdf	42-04  Ewa Elem Sch	91-1280 Renton Rd		Ewa Beach	HI	96706			
Precinct: 43-01	State of Hawaii, Office of Elections	15	2010-10-25T11:52:16	2010-11-02	15	Hawaii	2	City and County of Honolulu	county	9616	43-01	http://elections3.hawaii.gov/ppl/docs/ppl/BALLOTS/English/092EN.pdf	43-01  Ewa Beach Elem Sch	91-740 Papipi Rd		Ewa Beach	HI	96706			
Precinct: 43-02	State of Hawaii, Office of Elections	15	2010-10-25T11:52:16	2010-11-02	15	Hawaii	2	City and County of Honolulu	county	9617	43-02	http://elections3.hawaii.gov/ppl/docs/ppl/BALLOTS/English/092EN.pdf	43-02  Holomua Elem Sch	91-1561 Keaunui Dr		Ewa Beach	HI	96706			
Precinct: 43-03	State of Hawaii, Office of Elections	15	2010-10-25T11:52:16	2010-11-02	15	Hawaii	2	City and County of Honolulu	county	9618	43-03	http://elections3.hawaii.gov/ppl/docs/ppl/BALLOTS/English/092EN.pdf	43-03  Campbell High Sch	91-980 North Rd		Ewa Beach	HI	967062746			
Precinct: 43-04	State of Hawaii, Office of Elections	15	2010-10-25T11:52:16	2010-11-02	15	Hawaii	2	City and County of Honolulu	county	9619	43-04	http://elections3.hawaii.gov/ppl/docs/ppl/BALLOTS/English/092EN.pdf	43-04  Pohakea Elem Sch	91-750 Ft Weaver Rd		Ewa Beach	HI	96706			
Precinct: 44-01	State of Hawaii, Office of Elections	15	2010-10-25T11:52:16	2010-11-02	15	Hawaii	2	City and County of Honolulu	county	9620	44-01	http://elections3.hawaii.gov/ppl/docs/ppl/BALLOTS/English/093EN.pdf	44-01  Kamokila Park	91-015 Farrington Hwy		Honolulu	HI	96813			
Precinct: 44-02	State of Hawaii, Office of Elections	15	2010-10-25T11:52:16	2010-11-02	15	Hawaii	2	City and County of Honolulu	county	9621	44-02	http://elections3.hawaii.gov/ppl/docs/ppl/BALLOTS/English/094EN.pdf	44-02  Maili Elem Sch	87-360 Kulaaupuni St		Waianae	HI	96792			
Precinct: 44-03	State of Hawaii, Office of Elections	15	2010-10-25T11:52:16	2010-11-02	15	Hawaii	2	City and County of Honolulu	county	9622	44-03	http://elections3.hawaii.gov/ppl/docs/ppl/BALLOTS/English/094EN.pdf	44-03  Nanaikapono Elem Sch	89-153 Mano Ave		Waianae	HI	96792			
Precinct: 45-01	State of Hawaii, Office of Elections	15	2010-10-25T11:52:16	2010-11-02	15	Hawaii	2	City and County of Honolulu	county	9623	45-01	http://elections3.hawaii.gov/ppl/docs/ppl/BALLOTS/English/095EN.pdf	45-01  Makaha Elem Sch	84-760 Lahaina St		Waianae	HI	96792			
Precinct: 45-02	State of Hawaii, Office of Elections	15	2010-10-25T11:52:16	2010-11-02	15	Hawaii	2	City and County of Honolulu	county	9624	45-02	http://elections3.hawaii.gov/ppl/docs/ppl/BALLOTS/English/095EN.pdf	45-02  Waianae Inter Sch	85-626 Farrington Hwy		Waianae	HI	96792			
Precinct: 46-01	State of Hawaii, Office of Elections	15	2010-10-25T11:52:16	2010-11-02	15	Hawaii	2	City and County of Honolulu	county	9625	46-01	http://elections3.hawaii.gov/ppl/docs/ppl/BALLOTS/English/096EN.pdf	46-01  Kahuku High/Inter Sch	56-490 Kamehameha Hwy		Kahuku	HI	96731			
Precinct: 46-02	State of Hawaii, Office of Elections	15	2010-10-25T11:52:16	2010-11-02	15	Hawaii	2	City and County of Honolulu	county	9626	46-02	http://elections3.hawaii.gov/ppl/docs/ppl/BALLOTS/English/097EN.pdf	46-02  National Guard Armory	77-230 Kamehameha Hwy		Honolulu	HI	96816			
Precinct: 46-03	State of Hawaii, Office of Elections	15	2010-10-25T11:52:16	2010-11-02	15	Hawaii	2	City and County of Honolulu	county	9627	46-03	http://elections3.hawaii.gov/ppl/docs/ppl/BALLOTS/English/097EN.pdf	46-03  Waialua Elem Sch	67-020 Waialua Beach Rd		Waialua	HI	96791			
Precinct: 46-04	State of Hawaii, Office of Elections	15	2010-10-25T11:52:16	2010-11-02	15	Hawaii	2	City and County of Honolulu	county	9628	46-04	http://elections3.hawaii.gov/ppl/docs/ppl/BALLOTS/English/097EN.pdf	46-04  Sunset Beach Elem Sch	59-360 Kamehameha Hwy		Haleiwa	HI	96712			
Precinct: 47-01	State of Hawaii, Office of Elections	15	2010-10-25T11:52:16	2010-11-02	15	Hawaii	2	City and County of Honolulu	county	9629	47-01	http://elections3.hawaii.gov/ppl/docs/ppl/BALLOTS/English/098EN.pdf	47-01  Hauula Elem Sch	54-046 Kamehameha Hwy		Hauula	HI	96717			
Precinct: 47-02	State of Hawaii, Office of Elections	15	2010-10-25T11:52:16	2010-11-02	15	Hawaii	2	City and County of Honolulu	county	9630	47-02	http://elections3.hawaii.gov/ppl/docs/ppl/BALLOTS/English/098EN.pdf	47-02  Kahaluu Elem Sch	47-280 Waihee Rd		Kaneohe	HI	96744			
Precinct: 47-03	State of Hawaii, Office of Elections	15	2010-10-25T11:52:16	2010-11-02	15	Hawaii	2	City and County of Honolulu	county	9631	47-03	http://elections3.hawaii.gov/ppl/docs/ppl/BALLOTS/English/098EN.pdf	47-03  Ahuimanu Elem Sch	47-470 Hui Aeko Pl		Kaneohe	HI	96744			
Precinct: 47-04	State of Hawaii, Office of Elections	15	2010-10-25T11:52:16	2010-11-02	15	Hawaii	2	City and County of Honolulu	county	9632	47-04	http://elections3.hawaii.gov/ppl/docs/ppl/BALLOTS/English/099EN.pdf	47-04  King Inter Sch	46-155 Kamehameha Hwy		Kaneohe	HI	96744			
Precinct: 48-01	State of Hawaii, Office of Elections	15	2010-10-25T11:52:16	2010-11-02	15	Hawaii	2	City and County of Honolulu	county	9633	48-01	http://elections3.hawaii.gov/ppl/docs/ppl/BALLOTS/English/100EN.pdf	48-01  Heeia Elem Sch	46-202 Haiku Rd		Kaneohe	HI	96744			
Precinct: 48-02	State of Hawaii, Office of Elections	15	2010-10-25T11:52:16	2010-11-02	15	Hawaii	2	City and County of Honolulu	county	9634	48-02	http://elections3.hawaii.gov/ppl/docs/ppl/BALLOTS/English/101EN.pdf	48-02  Kapunahala Elem Sch	45-828 Anoi Rd		Kaneohe	HI	96744			
Precinct: 48-03	State of Hawaii, Office of Elections	15	2010-10-25T11:52:16	2010-11-02	15	Hawaii	2	City and County of Honolulu	county	9635	48-03	http://elections3.hawaii.gov/ppl/docs/ppl/BALLOTS/English/101EN.pdf	48-03  Castle High Sch	45-386 Kaneohe Bay Dr		Kaneohe	HI	96744			
Precinct: 48-04	State of Hawaii, Office of Elections	15	2010-10-25T11:52:16	2010-11-02	15	Hawaii	2	City and County of Honolulu	county	9636	48-04	http://elections3.hawaii.gov/ppl/docs/ppl/BALLOTS/English/101EN.pdf	48-04  Kaneohe Elem Sch	45-495 Kamehameha Hwy		Kaneohe	HI	96744			
Precinct: 49-01	State of Hawaii, Office of Elections	15	2010-10-25T11:52:16	2010-11-02	15	Hawaii	2	City and County of Honolulu	county	9637	49-01	http://elections3.hawaii.gov/ppl/docs/ppl/BALLOTS/English/102EN.pdf	49-01  Enchanted Lake Elem Sch	770 Keolu Dr		Kailua	HI	96734			
Precinct: 49-02	State of Hawaii, Office of Elections	15	2010-10-25T11:52:16	2010-11-02	15	Hawaii	2	City and County of Honolulu	county	9638	49-02	http://elections3.hawaii.gov/ppl/docs/ppl/BALLOTS/English/102EN.pdf	49-02  Puohala Elem Sch	45-233 Kulauli St		Kaneohe	HI	96744			
Precinct: 49-03	State of Hawaii, Office of Elections	15	2010-10-25T11:52:16	2010-11-02	15	Hawaii	2	City and County of Honolulu	county	9639	49-03	http://elections3.hawaii.gov/ppl/docs/ppl/BALLOTS/English/102EN.pdf	49-03  Maunawili Elem Sch	1465 Ulupii St		Kailua	HI	96734			
Precinct: 49-04	State of Hawaii, Office of Elections	15	2010-10-25T11:52:16	2010-11-02	15	Hawaii	2	City and County of Honolulu	county	9640	49-04	http://elections3.hawaii.gov/ppl/docs/ppl/BALLOTS/English/103EN.pdf	49-04  Benjamin Parker Elem Sch	45-259 Waikalua Rd		Kaneohe	HI	96744			
Precinct: 50-01	State of Hawaii, Office of Elections	15	2010-10-25T11:52:16	2010-11-02	15	Hawaii	2	City and County of Honolulu	county	9641	50-01	http://elections3.hawaii.gov/ppl/docs/ppl/BALLOTS/English/104EN.pdf	50-01  Kainalu Elem Sch	165 Kaiholu St		Kailua	HI	96734			
Precinct: 50-02	State of Hawaii, Office of Elections	15	2010-10-25T11:52:16	2010-11-02	15	Hawaii	2	City and County of Honolulu	county	9642	50-02	http://elections3.hawaii.gov/ppl/docs/ppl/BALLOTS/English/105EN.pdf	50-02  Kalaheo High Sch	730 Iliaina St		Kailua	HI	96734			
Precinct: 50-03	State of Hawaii, Office of Elections	15	2010-10-25T11:52:16	2010-11-02	15	Hawaii	2	City and County of Honolulu	county	9643	50-03	http://elections3.hawaii.gov/ppl/docs/ppl/BALLOTS/English/105EN.pdf	50-03  Kailua Inter Sch	145 S Kainalu Dr		Kailua	HI	96734			
Precinct: 50-04	State of Hawaii, Office of Elections	15	2010-10-25T11:52:16	2010-11-02	15	Hawaii	2	City and County of Honolulu	county	9644	50-04	http://elections3.hawaii.gov/ppl/docs/ppl/BALLOTS/English/104EN.pdf	50-04  Kailua Elem Sch	315 Kuulei Rd		Kailua	HI	96734			
Precinct: 51-01	State of Hawaii, Office of Elections	15	2010-10-25T11:52:16	2010-11-02	15	Hawaii	2	City and County of Honolulu	county	9645	51-01	http://elections3.hawaii.gov/ppl/docs/ppl/BALLOTS/English/106EN.pdf	51-01  Lanikai Elem Sch	140 Alala Rd		Kailua	HI	96734			
Precinct: 51-02	State of Hawaii, Office of Elections	15	2010-10-25T11:52:16	2010-11-02	15	Hawaii	2	City and County of Honolulu	county	9646	51-02	http://elections3.hawaii.gov/ppl/docs/ppl/BALLOTS/English/106EN.pdf	51-02  Waimanalo Elem/Inter Sch	41-1330 Kalanianaole Hwy		Waimanalo	HI	96795			
Precinct: 51-03	State of Hawaii, Office of Elections	15	2010-10-25T11:52:16	2010-11-02	15	Hawaii	2	City and County of Honolulu	county	9647	51-03	http://elections3.hawaii.gov/ppl/docs/ppl/BALLOTS/English/106EN.pdf	51-03  Pope Elem Sch	41-133 Huli St		Waimanalo	HI	96795			
Precinct: 51-04	State of Hawaii, Office of Elections	15	2010-10-25T11:52:16	2010-11-02	15	Hawaii	2	City and County of Honolulu	county	9648	51-04	http://elections3.hawaii.gov/ppl/docs/ppl/BALLOTS/English/107EN.pdf	51-04  Kaelepulu Elem Sch	530 Keolu Dr		Kailua	HI	96734			
Precinct: 51-05	State of Hawaii, Office of Elections	15	2010-10-25T11:52:16	2010-11-02	15	Hawaii	2	City and County of Honolulu	county	9649	51-05	http://elections3.hawaii.gov/ppl/docs/ppl/BALLOTS/English/106EN.pdf	51-05  Keolu Elem Sch	1416 Keolu Dr		Kailua	HI	96734			

